{
  "project_info": {
    "project_number": "306759770710",
    "project_id": "health-fit-86927",
    "storage_bucket": "health-fit-86927.appspot.com"
  },
  "client": [
    {
      "client_info": {
        "mobilesdk_app_id": "1:306759770710:android:5fe11401c7466d6fbc91f7",
        "android_client_info": {
          "package_name": "com.anonymous.SeniorCare"
        }
      },
      "oauth_client": [
        {
          "client_id": "306759770710-su80qhbk1rhp0rtiok5o3t5fi6b8evq7.apps.googleusercontent.com",
          "client_type": 3
        }
      ],
      "api_key": [
        {
          "current_key": "AIzaSyAjkhCUmjljR2iHUJ3ziEVxhmGjPeBq0Zg"
        }
      ],
      "services": {
        "appinvite_service": {
          "other_platform_oauth_client": [
            {
              "client_id": "306759770710-su80qhbk1rhp0rtiok5o3t5fi6b8evq7.apps.googleusercontent.com",
              "client_type": 3
            }
          ]
        }
      }
    }
  ],
  "configuration_version": "1"
}